{
  "total_annotation_json": 4527,
  "unique_image_files": 1489,
  "unique_image_ids": 4526,
  "total_annotations": 9052,
  "unique_categories": 146,
  "duplicate_image_file_names": 1489,
  "duplicate_image_ids": 1489,
  "duplicate_annotation_ids": 3586,
  "missing_image_files": 0,
  "hash_duplicate_groups": 0,
  "annotation_issues": 0,
  "category_name_conflict_count": 0,
  "bbox_stats": {
    "area_ratio_stats": {
      "min": 0.014802126024590164,
      "max": 0.21807361039959017,
      "mean": 0.06314370617024677,
      "median": 0.04598808913934426,
      "q1": 0.034725601946721314,
      "q2": 0.04598808913934426,
      "q3": 0.08508981173155737
    },
    "width_ratio_stats": {
      "min": 0.12807377049180327,
      "max": 0.5420081967213115,
      "mean": 0.26570344023239134,
      "median": 0.24795081967213115,
      "q1": 0.21413934426229508,
      "q2": 0.24795081967213115,
      "q3": 0.30225409836065575
    },
    "height_ratio_stats": {
      "min": 0.09609375,
      "max": 0.52265625,
      "mean": 0.22558274414494034,
      "median": 0.18046875,
      "q1": 0.15546875,
      "q2": 0.18046875,
      "q3": 0.31484375
    },
    "aspect_ratio_stats": {
      "min": 0.3960843373493976,
      "max": 2.1083743842364533,
      "mean": 0.9862652933364122,
      "median": 1.012591829184504,
      "q1": 0.7587548638132295,
      "q2": 1.012591829184504,
      "q3": 1.1044776119402986
    }
  },
  "matplotlib_available": true
}